Cluster,Size,Size_Pct,Delinquency_Rate,Avg_Age,Avg_Income,Avg_Loan_Amount,Avg_Payment_Ratio
Cluster 1,407,45.272525027808676,1.2285012285012284,31.722358722358724,27858.05896805897,159685.7628255528,3716.4830448115163
Cluster 2,220,24.47163515016685,5.454545454545454,30.76818181818182,30292.627272727274,177805.47118181817,4864.129304445147
Cluster 3,272,30.255839822024473,13.602941176470587,30.56985294117647,23452.558823529413,221670.0675,7951.307595691108
